id,advertiser,started,days_running,hook,offer,copy,domain,cta
1283298693760594,Autodesk Construction,"Mar 27, 2026",177,pain_question,saas_subscription,Struggling to keep projects on track? See all your field and project management workflows in one place with Forma Build.,CONSTRUCTION.AUTODESK.COM,Learn more
1584143112641322,Autodesk Construction,"Mar 27, 2026",177,direct_offer,saas_subscription,Collaborate from start to finish for simpler project delivery. Connect your field and project management workflows with Forma Build.,CONSTRUCTION.AUTODESK.COM,Learn more
1585874526267925,"80,000 Hours","Jul 17, 2026",65,direct_offer,recruiting,"Our job board connects talented people to roles where their skills meet pressing needs, highlighting opportunities based on their potential to enable you to address global challenges.",,
1471765841380224,Autodesk Construction,"Jul 17, 2026",65,curiosity_claim,saas_subscription,Turn field teams into design partners. Give crews access to the latest design information so they can resolve issues before they reach the jobsite.,CONSTRUCTION.AUTODESK.COM,Learn more
999120229620975,Autodesk Construction,"Jul 10, 2026",72,proof_stats,saas_subscription,"Autodesk Forma is ranked a Leader in Takeoff, Estimating, and Bid Management. See why leading teams trust Autodesk Forma to set the standard in preconstruction.",GETCONSTRUCTIONCLOUD.AUTODESK.COM,Learn more
1000878149361808,Quickbase,"Jun 11, 2026",101,feature_list,saas_subscription,"Build Smarter, Not Harder 🚧 Ready to upgrade your construction software? ✅ Bidding and estimation ✅ Project, Resources and Safety management ✅ Connect construction teams ✅ Complete financial information",QUICKBASE.COM,
2264372994338612,Autodesk Construction,"Jul 17, 2026",65,curiosity_claim,saas_subscription,Build it right the first time. Connect design and construction with a single source of truth that helps teams coordinate earlier and reduce rework.,CONSTRUCTION.AUTODESK.COM,Learn more
1402711395008789,Trimble Construction,"Jul 23, 2026",59,pain_question,saas_subscription,Stop toggling between apps. Manage 360° capture natively inside ProjectSight to make visual data instantly actionable.,,
1045681557883121,Babutechnologies,"Jul 9, 2026",73,,,,API.WHATSAPP.COM,
1342468984487322,Ascora,"Jun 15, 2026",97,feature_list,demo_or_trial,"Advanced scheduling that handles 10 or 100 users, equipment tracking, multi-phase project jobs, and team-level reporting at a price that makes sense for growing HVAC businesses. Book your personalized demo today!",ASCORA.IO,Learn more
1546096983313990,LISEC,"Jan 14, 2026",249,proof_stats,other_product,"LiSEC, with over six decades of experience as a manufacturer of glass processing machines, offers innovative individual machines and complete solutions and tailored software in the field of flat glass processing.💎",WWW.FB.COM,
2086983572225614,Software Advice,"Jul 6, 2026",76,,,,SOFTWAREADVICE.COM,Download
1349852923494003,Procore Technologies,"Nov 6, 2025",318,curiosity_claim,content_download,Learn how construction leaders are driving real ROI with project management software.,,Download
1081246927625198,Microsoft Azure,"Sep 11, 2026",9,,,,AD.DOUBLECLICK.NET,
1512890663667613,UseKojo,"Jun 22, 2026",90,proof_stats,saas_subscription,"Contractors using Kojo cut material costs by up to 4% — on every project. No more calling 3 suppliers for quotes. No more missing the part already on your warehouse shelf. Every supplier, every price, and your inventory — one screen, ranked by cost and availability. Click cheapest. Kojo sends the PO",,
1745281359852925,PSTrax,"Jul 24, 2026",58,pain_question,saas_subscription,"You don't have time for another IT project. 🕔 That's why we build and implement your entire system for you and build it to your specs. 👉 Just email us your existing documentation, and we'll handle the rest.",,
1044807551414566,RessioSoftware,"Jul 13, 2026",69,pain_question,saas_subscription,"Spend less time on project management. Complete tasks faster with our simple, user-friendly interface. Discover how Ressio is reshaping the construction industry, empowering builders to enhance efficiency, client satisfaction, and profitability.",RESSIOSOFTWARE.COM,Learn more
2506724429772796,Elevate Sheets,"Jun 4, 2026",108,,,,ELEVATE-SHEETS.COM,Shop now
3536999366467714,CompanyCam,"May 16, 2026",127,direct_offer,demo_or_trial,CompanyCam integrates with the tools your crews and office already rely on — so field documentation flows directly into your existing systems. Book a demo to see it.,,
1542934220875692,Utiliko Corporation,"Jun 1, 2026",111,pain_question,saas_subscription,"Still juggling multiple business tools?❌ There's a better way Let CRM, HR, and Accounting work together ✅Real-time business visibility ✅Reduce admin work ✅Faster decision-making ✅Workflow Automation ✅Save money & time Everything your business needs under one roof 👉Save Time & Scale Faster",UTILIKO.IO,
2278190612996552,UNC Charlotte Online,"Sep 2, 2026",18,direct_offer,education_degree,"Learn to build full-stack applications, work with AI tools, and lead projects in today's evolving tech landscape. Earn your B.A. in Computer Science from UNC Charlotte, with a concentration in AI-Assisted Software Engineering.",,Learn more
1410876307668244,Fieldwire by Hilti,"Sep 3, 2026",17,feature_list,demo_or_trial,A plan viewing app? ✅ A digital project management tool? ✅ Software to generate reports automatically? ✅ Fieldwire is all this and much more! Get started free!,,
955541900791642,Longwood University CGPS,"Jun 9, 2026",103,direct_offer,education_degree,"Boost your career with an MS in IT online. Specialize in cyber security, IT project management, or software development.",,
1502725134955018,Tradesyncer,"Sep 1, 2026",19,pain_question,saas_subscription,"Still trying to manage multiple prop firm accounts at once? Tradesyncer copies one trade from your leader account to every follower account in under 100ms. No VPS. No downloads. ✅ Works with Apex, Topstep, MyFundedFutures, Tradeify",TRADESYNCER.COM,Learn more
2226967594747105,TPB - The Professional Builder,"Jun 23, 2026",89,direct_offer,saas_subscription,"Turn your foreman into the driving force of every project, so you can step back and finally work on the business instead babysitting every job.",INFO.THEPROFESSIONALBUILDER.COM,Learn more
1335771648733838,Ministry Brands,"Jul 31, 2026",51,pain_question,saas_subscription,"If your day-to-day has started to feel way more like project management and a lot less like ministry work, then there's a problem. You're probably being held back by disjointed systems.",MINISTRYBRANDS.COM,
1803200697515713,Eleco,"Aug 11, 2026",40,feature_list,saas_subscription,"Accuracy from the start matters. Asta Powerproject helps businesses around the world ✔ Build trust with predictable outcomes ✔ Get more done, faster with streamlined schedule creation ✔ Gain real-time visibility",,
1008278168642061,ScoreApp,"Jul 15, 2026",67,,,,SCOREAPP.COM,
735129478931835,KIMP,"Jun 20, 2025",457,,,,,
911941794565450,UseKojo,"Jun 22, 2026",90,proof_stats,saas_subscription,Contractors using Kojo cut material costs by up to 4% — on every project. Click cheapest. Kojo sends the PO,,
666255566395858,KIMP,"Jun 20, 2025",457,,,,,
1373470171275793,Atlassian,"May 7, 2026",136,feature_list,saas_subscription,Jira's pre-built templates for any type of work or team help projects start faster and finish on time.,ATLASSIAN.COM,
1476801300748507,Productive,"Feb 18, 2026",214,,,,,
1046936267738296,Andries Builders,"Jul 13, 2026",69,direct_offer,other_product,"At Andries Builders, we craft custom homes on your property or in your favorite neighborhood. Every home is designed to match your vision, with unmatched attention to detail and quality.",,
1019756156996168,KIMP,"Jun 20, 2025",457,,,,,
1667027521158587,UXCam,"May 5, 2026",138,,,,UXCAM.COM,
1148893354971259,NCCU Online,"May 29, 2026",114,,,,,
1000747106295400,Productive,"Jul 20, 2026",62,direct_offer,saas_subscription,"Behind every great agency is powerful software. With Productive, you can manage your entire business in one place.",PRODUCTIVE.IO,
2502297163546344,Kimpinc,"May 12, 2026",131,,,,,
3892719634204256,Kimpinc,"May 12, 2026",131,,,,,
1572573214374796,Triple R Roofing,"Aug 12, 2026",39,,,,INSTAGRAM.COM,
1014632831100866,Longwood University CGPS,"May 26, 2026",117,direct_offer,education_degree,"Boost your career with an MS in IT online. Specialize in cyber security, IT project management, or software development.",,
1519294103324899,Ridgeline Media,"May 29, 2026",114,curiosity_claim,education_degree,"Discover the stupid simple video ad system you can launch within 48 hours to close your next $15,000 in video deals... even if you don't have a portfolio, case studies, or ad experience",GO.CINEMARKETER.IO,
1487026373196120,RessioSoftware,"Jul 29, 2026",53,direct_offer,saas_subscription,"Spend less time on project management. Complete tasks faster with our simple, user-friendly interface.",RESSIOSOFTWARE.COM,Learn more
1528248708799547,University of Advancing Technology,"Jun 24, 2026",88,direct_offer,education_degree,"Prepare for or elevate your technology career. UAT's Master of Science degrees give you flexible, project-based learning and real-world skills in Software Engineering, Cyber Security, Technology Leadership and more.",,
2134021587327816,Northshore Exteriors LLC,"Jun 22, 2026",90,direct_offer,other_product,"Roofing Companies Traverse City, MI | Northshore Exteriors",WWW.NORTHSHOREEXTERIORSLLC.COM,Apply now
1260582209492236,Tradesyncer,"Sep 1, 2026",19,pain_question,saas_subscription,Still trying to manage multiple prop firm accounts at once? Tradesyncer copies one trade from your leader account to every follower account in under 100ms.,TRADESYNCER.COM,Learn more
2638282533240602,Firm360,"Aug 8, 2026",43,direct_offer,saas_subscription,"Firm360 is Accounting Practice Management Software that streamlines workflows, collaboration, and client communication for your firm.",MYFIRM360.COM,Learn more
4293845350927994,FEDI,"Aug 12, 2026",39,,,,,
1791027208878531,Alpha Bravo Development,"Aug 23, 2026",28,pain_question,saas_subscription,Is Your Business Outgrowing Its Software?,,Learn more
26204859689119405,TrainSec,"Jan 27, 2026",236,direct_offer,education_degree,"Ready to truly master Windows internals? Learn from the expert himself! The Windows Internals Master path, led by Pavel Yosifovich, is your ultimate route to becoming an authority on the Windows kernel.",,
1703365737588398,KiiBoom,"Aug 17, 2026",34,direct_offer,other_product,"KiiBOOM aim to lead by innovations in creative product designs for audio, mechanical keyboard, and garage kit enthusiasts.",KIIBOOM.COM,
1583169679862696,Hireline Construction Jobs,"Aug 14, 2026",37,direct_offer,recruiting,Project Manager - Civil Construction Application,,Apply now
2047781025858917,Jesse Lane,"Aug 26, 2026",25,founder_story,saas_subscription,"Is this you? For years, all roads led back to me. Running estimates at midnight. My PM couldn't buy out a job without calling me. My super was texting me about framing details on a Saturday. I thought what I needed was better people. So I hired them.",,
2552498178607010,Fieldwire by Hilti,"Sep 3, 2026",17,feature_list,demo_or_trial,A plan viewing app? A digital project management tool? Software to generate reports automatically? Fieldwire is all this and much more! Request a demo to learn more.,,
1439562577611653,Productive,"Feb 18, 2026",214,direct_offer,saas_subscription,Agency Management & Professional Services Automation Software,PRODUCTIVE.IO,Learn more
984179291205539,Ascora,"Jun 15, 2026",97,feature_list,demo_or_trial,"Advanced scheduling that handles 10 or 100 users, equipment tracking, multi-phase project jobs, and team-level reporting at a price that makes sense for growing HVAC businesses. Book your personalized demo today!",ASCORA.IO,
1357020623186040,Eleco,"Aug 11, 2026",40,curiosity_claim,saas_subscription,"Accuracy from the start matters. Asta Powerproject helps businesses around the world ✔ Build trust with predictable outcomes ✔ Get more done, faster.",,
998301559786983,Ascora,"Jun 15, 2026",97,,,,WWW.ASCORA.IO,Learn more
1521264662905909,Business Explained,"May 19, 2026",124,,,,BUSINESS-EXPLAINED.COM,Shop now
3393074714188009,SmartCrew,"Jul 21, 2026",61,direct_offer,saas_subscription,The newest software for dirtwork contractors with 5-50 employees,,Learn more
