query,impressions,clicks,cost,ctr
breeze pm pricing,410,26,104.12,6.34%
breeze demo request,188,17,68.40,9.04%
monday com alternatives,1240,41,188.60,3.31%
asana vs clickup 2026,890,29,121.80,3.26%
best project management software for small business,2100,55,275.00,2.62%
project management tool free trial,760,31,142.60,4.08%
what is kanban,3300,38,95.00,1.15%
agile vs waterfall,1850,21,61.90,1.14%
how do gantt charts work,940,12,30.00,1.28%
project management definition,4100,26,65.00,0.63%
project manager jobs remote,2200,19,52.25,0.86%
product manager salary 2026,1500,14,35.00,0.93%
breeze airways review,610,22,57.20,3.61%
breeze block sizes,85,3,6.15,3.53%
free movies online,290,2,3.40,0.69%
notion templates project management,1120,27,94.50,2.41%
excel project management template free,1680,34,112.20,2.02%
clickup pricing,980,36,173.08,3.67%
cheapest team collaboration software,540,21,99.75,3.89%
how to manage a small team,730,11,27.50,1.51%
what does a project manager do,1200,10,22.00,0.83%
smartsheet free alternative,430,18,79.20,4.19%
trello vs breeze,95,7,29.05,7.37%
project management certification online,870,15,37.50,1.72%
kanban board template,1050,22,70.40,2.10%
